testcase-name,enum-status,norm-status,enum-time,norm-time,enum-calls,norm-calls
hd-03-d1-prog.sl,TestStatus.ok,TestStatus.ok,0.21120099400286563,0.22979819000465795,5,4
hd-01-d1-prog.sl,TestStatus.ok,TestStatus.ok,0.2725210170028731,0.26000500000372995,4,4
hd-02-d1-prog.sl,TestStatus.ok,TestStatus.ok,0.4868533539993223,0.45219107599405106,5,4
hd-05-d1-prog.sl,TestStatus.ok,TestStatus.ok,1.5131461899873102,0.357195798002067,5,5
hd-04-d1-prog.sl,TestStatus.ok,TestStatus.ok,1.3705638660030672,1.1455323260015575,4,5
hd-06-d1-prog.sl,TestStatus.ok,TestStatus.ok,1.2815741230006097,0.2828548539982876,5,5
hd-03-d4-prog.sl,TestStatus.ok,TestStatus.ok,0.31498150300467387,2.0982006640115287,5,4
hd-01-d4-prog.sl,TestStatus.ok,TestStatus.ok,1.5575864739948884,2.362756046000868,5,4
hd-07-d1-prog.sl,TestStatus.ok,TestStatus.ok,6.611033492008573,0.5604827610077336,6,5
hd-04-d4-prog.sl,TestStatus.ok,TestStatus.ok,0.2275778790062759,1.5958919309923658,3,4
hd-08-d1-prog.sl,TestStatus.ok,TestStatus.ok,1.0586956110055326,0.5773438079922926,4,5
hd-02-d4-prog.sl,TestStatus.ok,TestStatus.ok,1.3666381779912626,3.9001084079936845,5,5
hd-05-d4-prog.sl,TestStatus.ok,TestStatus.ok,6.466100049001398,2.084398382998188,6,5
hd-03-d5-prog.sl,TestStatus.ok,TestStatus.ok,0.38044033299956936,3.863618657007464,5,4
hd-01-d5-prog.sl,TestStatus.ok,TestStatus.ok,1.8580861449881922,5.647103444993263,5,4
hd-04-d5-prog.sl,TestStatus.ok,TestStatus.ok,0.31181145799928345,3.868049634009367,3,4
hd-06-d4-prog.sl,TestStatus.ok,TestStatus.ok,3.785750352006289,4.09987179399468,5,5
hd-02-d5-prog.sl,TestStatus.ok,TestStatus.ok,1.6755172109988052,5.046103650005534,5,4
hd-05-d5-prog.sl,TestStatus.ok,TestStatus.ok,18.740288625995163,5.427735287987161,6,6
hd-07-d4-prog.sl,TestStatus.ok,TestStatus.ok,44.13228378500207,4.460927097010426,7,6
hd-06-d5-prog.sl,TestStatus.ok,TestStatus.ok,8.110164675003034,5.511352874003933,5,5
hd-08-d4-prog.sl,TestStatus.ok,TestStatus.ok,5.621695626003202,2.7438663709908724,5,6
hd-07-d5-prog.sl,TestStatus.ok,TestStatus.ok,82.05967701299232,35.385915803999524,7,7
hd-08-d5-prog.sl,TestStatus.ok,TestStatus.ok,17.09432673700212,4.471423392998986,6,5
hd-09-d5-prog.sl,TestStatus.ok,TestStatus.ok,1040.9712620780047,56.86819571700471,7,8
hd-17-d1-prog.sl,TestStatus.ok,TestStatus.timeout,23.507362366988673,0,6,0
hd-13-d5-prog.sl,TestStatus.ok,TestStatus.ok,26.715210769005353,219.06381493200024,6,7
hd-09-d1-prog.sl,TestStatus.timeout,TestStatus.timeout,0,0,0,0
hd-14-d1-prog.sl,TestStatus.timeout,TestStatus.timeout,0,0,0,0
hd-20-d1-prog.sl,TestStatus.timeout,TestStatus.timeout,0,0,0,0
hd-01-d2-prog.sl,TestStatus.ok,TestStatus.ok,3.447151155996835,0.6054182360094273,6,5
testcase-name,enum-status,norm-status,enum-time,norm-time,enum-calls,norm-calls
hd-03-d1-prog.sl,TestStatus.ok,TestStatus.ok,0.7447621230094228,0.24804682900139596,5,4
hd-04-d1-prog.sl,TestStatus.ok,TestStatus.ok,0.18990923900855705,0.41642243599926587,3,5
hd-01-d1-prog.sl,TestStatus.ok,TestStatus.ok,1.5360424289974617,0.21812352200504392,5,4
hd-05-d1-prog.sl,TestStatus.ok,TestStatus.ok,2.1206590159999905,0.3755735690065194,5,5
hd-02-d1-prog.sl,TestStatus.ok,TestStatus.ok,0.7009289919951698,0.31112155300797895,5,4
hd-06-d1-prog.sl,TestStatus.ok,TestStatus.ok,1.5570870660012588,0.33008359000086784,5,5
hd-03-d4-prog.sl,TestStatus.ok,TestStatus.ok,0.5245494770060759,1.7939678910042858,5,4
hd-04-d4-prog.sl,TestStatus.ok,TestStatus.ok,0.1980006300000241,2.0830000679998193,3,4
hd-01-d4-prog.sl,TestStatus.ok,TestStatus.ok,5.257970838996698,2.790837181993993,6,4
hd-07-d1-prog.sl,TestStatus.ok,TestStatus.ok,9.71153705699544,0.3854449409991503,6,5
hd-08-d1-prog.sl,TestStatus.ok,TestStatus.ok,0.9408204579958692,0.33965787799388636,4,5
hd-05-d4-prog.sl,TestStatus.ok,TestStatus.ok,6.226825307996478,3.2191062359925127,6,7
hd-02-d4-prog.sl,TestStatus.ok,TestStatus.ok,4.6011763110000174,4.865623726000194,6,5
hd-06-d4-prog.sl,TestStatus.ok,TestStatus.ok,3.8343531690043164,2.772827357010101,5,5
hd-03-d5-prog.sl,TestStatus.ok,TestStatus.ok,0.6577457469975343,4.097977098994306,5,4
hd-04-d5-prog.sl,TestStatus.ok,TestStatus.ok,0.2813137769990135,4.462283346001641,3,4
hd-01-d5-prog.sl,TestStatus.ok,TestStatus.ok,10.10107825299201,13.068277865997516,6,6
hd-05-d5-prog.sl,TestStatus.ok,TestStatus.ok,12.396287576004397,7.259046424005646,6,6
hd-02-d5-prog.sl,TestStatus.ok,TestStatus.ok,8.87083579901082,6.887484781007515,6,4
hd-06-d5-prog.sl,TestStatus.ok,TestStatus.ok,6.335154465996311,4.113847107000765,5,5
hd-07-d4-prog.sl,TestStatus.ok,TestStatus.ok,85.96126082498813,11.935404133007978,7,6
testcase-name,enum-status,norm-status,enum-time,norm-time,enum-calls,norm-calls
hd-03-d1-prog.sl,TestStatus.ok,TestStatus.ok,0.2189024069957668,0.3425571389961988,5,4
hd-05-d1-prog.sl,TestStatus.ok,TestStatus.ok,0.8056737489969237,0.6867375869915122,5,5
hd-01-d1-prog.sl,TestStatus.ok,TestStatus.ok,1.3987103219988057,0.6067896839958848,5,4
hd-04-d1-prog.sl,TestStatus.ok,TestStatus.ok,1.09247904199583,0.3327782029955415,4,5
hd-06-d1-prog.sl,TestStatus.ok,TestStatus.ok,0.5454272799979663,0.6154104769957485,5,5
hd-02-d1-prog.sl,TestStatus.ok,TestStatus.ok,0.841390579007566,0.3866290570003912,5,4
hd-03-d4-prog.sl,TestStatus.ok,TestStatus.ok,0.5879658560006646,1.7462626180058578,5,4
hd-04-d4-prog.sl,TestStatus.ok,TestStatus.ok,0.45439624300342984,2.8422762979898835,3,5
hd-07-d1-prog.sl,TestStatus.ok,TestStatus.ok,10.231316970006446,0.294054252008209,6,5
hd-01-d4-prog.sl,TestStatus.ok,TestStatus.ok,4.138864296997781,4.58963082000264,6,5
hd-08-d1-prog.sl,TestStatus.ok,TestStatus.ok,1.4756126290012617,0.604670447006356,4,5
hd-05-d4-prog.sl,TestStatus.ok,TestStatus.ok,6.893605160003062,5.382664371005376,7,7
hd-02-d4-prog.sl,TestStatus.ok,TestStatus.ok,2.7853783129976364,3.878148420000798,5,5
hd-06-d4-prog.sl,TestStatus.ok,TestStatus.ok,1.7735973599919816,2.1573989250027807,5,5
hd-03-d5-prog.sl,TestStatus.ok,TestStatus.ok,0.7947664219973376,9.331879438002943,5,5
hd-01-d5-prog.sl,TestStatus.ok,TestStatus.ok,6.274915129994042,14.046354741003597,6,5
hd-05-d5-prog.sl,TestStatus.ok,TestStatus.ok,11.161885285007884,6.162665875002858,7,6
hd-04-d5-prog.sl,TestStatus.ok,TestStatus.ok,0.6326726090046577,10.82970701099839,3,6
hd-02-d5-prog.sl,TestStatus.ok,TestStatus.ok,5.0204030930035515,5.5487521670002025,5,4
testcase-name,enum-status,norm-status,enum-time,norm-time,enum-calls,norm-calls
hd-03-d1-prog.sl,TestStatus.ok,TestStatus.ok,0.28254348700284027,0.20114183399709873,5,4
hd-05-d1-prog.sl,TestStatus.ok,TestStatus.ok,0.6391474410193041,0.4104331049893517,5,6
hd-04-d1-prog.sl,TestStatus.ok,TestStatus.ok,0.6999135079968255,0.3378938469977584,4,5
hd-06-d1-prog.sl,TestStatus.ok,TestStatus.ok,0.44437714299419895,0.6895231950038578,5,5
hd-01-d1-prog.sl,TestStatus.ok,TestStatus.ok,1.918756179016782,0.3778046380029991,5,4
hd-02-d1-prog.sl,TestStatus.ok,TestStatus.ok,1.7770265619910788,0.4487114640069194,5,4
hd-03-d4-prog.sl,TestStatus.ok,TestStatus.ok,0.9425705669855233,1.9178219270252157,5,5
hd-01-d4-prog.sl,TestStatus.ok,TestStatus.ok,2.0337294840137474,2.377820766007062,5,5
hd-04-d4-prog.sl,TestStatus.ok,TestStatus.ok,0.14430655798059888,2.3113404769974295,3,5
hd-05-d4-prog.sl,TestStatus.ok,TestStatus.ok,3.1051290609757416,3.3710012060182635,6,6
hd-07-d1-prog.sl,TestStatus.ok,TestStatus.ok,17.921363267989364,0.49658616198576055,6,5
hd-06-d4-prog.sl,TestStatus.ok,TestStatus.ok,3.7184055150137283,4.320600989012746,5,5
hd-08-d1-prog.sl,TestStatus.ok,TestStatus.ok,0.4036253459926229,0.3860648089903407,4,5
hd-02-d4-prog.sl,TestStatus.ok,TestStatus.ok,12.107341747992905,2.8826034489902668,7,5
hd-03-d5-prog.sl,TestStatus.ok,TestStatus.ok,1.1988008329935838,5.945162998017622,5,5
hd-04-d5-prog.sl,TestStatus.ok,TestStatus.ok,0.1916352080006618,6.072177921014372,3,5
hd-01-d5-prog.sl,TestStatus.ok,TestStatus.ok,14.95388849801384,12.72157908702502,6,5
hd-05-d5-prog.sl,TestStatus.ok,TestStatus.ok,7.35273832801613,21.564498712017667,6,6
hd-06-d5-prog.sl,TestStatus.ok,TestStatus.ok,2.5302550079941284,6.513198923988966,5,5
hd-02-d5-prog.sl,TestStatus.ok,TestStatus.ok,13.522062371019274,4.664454971003579,6,4
testcase-name,enum-status,norm-status,enum-time,norm-time,enum-calls,norm-calls
testcase-name,enum-status,norm-status,enum-time,norm-time,enum-calls,norm-calls
hd-03-d1-prog.sl,0.0,0.0,0.19685545139946042,0.18742812059936115,5.0,4.0
hd-01-d1-prog.sl,0.0,0.0,0.567790305003291,0.2551984429941513,4.0,4.0
hd-05-d1-prog.sl,0.0,0.0,1.1422014165960719,0.27274046479724345,5.0,5.0
hd-04-d1-prog.sl,0.0,0.0,1.1141550664033275,0.42261741859838364,4.0,5.0
hd-02-d1-prog.sl,0.0,0.0,0.7143448287970386,0.8306179294071626,5.0,4.0
hd-06-d1-prog.sl,0.0,0.0,0.7823321331990882,0.3136647387931589,5.0,5.0
hd-03-d4-prog.sl,0.0,0.0,0.29999442599364556,1.5327598466072232,5.0,4.0
hd-01-d4-prog.sl,0.0,0.0,1.4169847889977973,2.8199196838075293,5.0,4.0
hd-07-d1-prog.sl,0.0,0.0,5.888132634793874,0.6900103770021815,6.0,5.0
hd-08-d1-prog.sl,0.0,0.0,1.310686690406874,0.3693536295962986,4.0,5.0
hd-02-d4-prog.sl,0.0,0.0,1.2233245342038572,1.6026281404017937,5.0,4.0
hd-05-d4-prog.sl,0.0,0.0,5.006048194406321,1.568390489387093,6.0,5.0
hd-04-d4-prog.sl,0.0,0.0,0.39962236799765377,7.930237649189076,3.0,5.0
hd-06-d4-prog.sl,0.0,0.0,4.7378096548025495,2.7561390488001054,6.0,5.0
hd-01-d5-prog.sl,0.0,0.0,2.3902955364028458,6.152565132197924,5.0,5.0
hd-03-d5-prog.sl,0.0,0.0,0.4238917406008113,5.397932359197876,5.0,4.0
hd-04-d5-prog.sl,0.0,0.0,0.5183846640051343,9.873907445609802,3.0,5.0
hd-02-d5-prog.sl,0.0,0.0,2.151564171403879,9.3931174150086,5.0,4.0
hd-05-d5-prog.sl,0.0,0.0,7.84363386380719,5.540761743998155,6.0,6.0
testcase-name,enum-status,norm-status,enum-time,norm-time,enum-calls,norm-calls
hd-01-d1-prog.sl,0.0,0.0,0.23402927340357565,0.16209097279352136,4.0,4.0
hd-03-d1-prog.sl,0.0,0.0,0.1629132798057981,0.4267873554024845,5.0,4.0
hd-02-d1-prog.sl,0.0,0.0,0.5232476818026044,0.213688619597815,5.0,4.0
hd-05-d1-prog.sl,0.0,0.0,1.1278048306005075,0.515510465198895,5.0,5.0
hd-06-d1-prog.sl,0.0,0.0,0.7340644597948994,0.21463886180426925,5.0,5.0
hd-04-d1-prog.sl,0.0,0.0,2.2172287763969507,0.40529804760590193,5.0,5.0
hd-01-d4-prog.sl,0.0,0.0,1.6411751271924004,1.5397020876058378,5.0,4.0
hd-03-d4-prog.sl,0.0,0.0,0.8691403640026693,1.7584501147968694,5.0,5.0
hd-04-d4-prog.sl,0.0,0.0,0.3169978958030697,3.013658371800557,3.0,5.0
hd-05-d4-prog.sl,0.0,0.0,1.9991378079925197,5.622471575200325,6.0,6.0
hd-07-d1-prog.sl,0.0,0.0,12.40116284119431,0.42567711939918806,6.0,5.0
hd-08-d1-prog.sl,0.0,0.0,0.407370737392921,0.2619123162003234,4.0,5.0
hd-02-d4-prog.sl,0.0,0.0,7.733959369797958,2.399478961993009,6.0,5.0
hd-06-d4-prog.sl,0.0,0.0,4.350714084203355,1.9270284318074118,5.0,5.0
hd-01-d5-prog.sl,0.0,0.0,1.9577230418042746,4.041094993794104,5.0,4.0
hd-03-d5-prog.sl,0.0,0.0,0.8710984585981351,4.182596061594086,5.0,4.0
hd-04-d5-prog.sl,0.0,0.0,0.359833308798261,6.067879702587379,3.0,5.0
hd-05-d5-prog.sl,0.0,0.0,2.4863630914129318,7.86607083400595,6.0,7.0
hd-02-d5-prog.sl,0.0,0.0,11.570249558595242,7.966094919003081,6.0,5.0
hd-06-d5-prog.sl,0.0,0.0,7.750450539204758,5.534015167009784,5.0,5.0
testcase-name,enum-status,norm-status,enum-time,norm-time,enum-calls,norm-calls,enum-examined,norm-examined
hd-03-d1-prog.sl,0.0,0.0,0.16886779680498876,0.40821093060658314,5.0,4.0,72.0,220.0
hd-01-d1-prog.sl,0.0,0.0,0.48127931759227066,0.7097373672062531,5.0,4.0,303.0,398.0
hd-05-d1-prog.sl,0.0,0.0,1.8028379886061885,0.19436134059214966,5.0,4.0,1023.0,49.0
hd-02-d1-prog.sl,0.0,0.0,0.29226171819027513,0.5083121299918275,5.0,4.0,150.0,259.0
hd-04-d1-prog.sl,0.0,0.0,0.8872507874039002,0.628929652197985,4.0,5.0,711.0,261.0
hd-06-d1-prog.sl,0.0,0.0,1.5670680460054427,0.4131385157932527,5.0,5.0,842.0,151.0
hd-03-d4-prog.sl,0.0,0.0,0.7726911646081135,1.4249852429958991,5.0,4.0,466.0,64.0
hd-04-d4-prog.sl,0.0,0.0,0.3035391811921727,5.740757219603983,3.0,5.0,376.0,2165.0
hd-01-d4-prog.sl,0.0,0.0,5.680469888402149,4.56812933080364,6.0,5.0,2800.0,1686.0
hd-07-d1-prog.sl,0.0,0.0,11.904340500192484,0.5050132765842136,6.0,5.0,4966.0,193.0
hd-05-d4-prog.sl,0.0,0.0,6.340413794404594,2.6047626038023735,6.0,6.0,3084.0,505.0
hd-08-d1-prog.sl,0.0,0.0,0.5987987283966504,0.4433480207982939,4.0,5.0,452.0,159.0
hd-06-d4-prog.sl,0.0,0.0,4.5494145728007425,2.0350038750097155,5.0,5.0,2491.0,353.0
hd-02-d4-prog.sl,0.0,0.0,6.08355872919783,3.3163541220012123,6.0,5.0,2855.0,941.0
hd-03-d5-prog.sl,0.0,0.0,1.1228754012030548,8.346294154401402,5.0,5.0,676.0,2342.0
hd-01-d5-prog.sl,0.0,0.0,11.158896292798454,6.0755266558087895,6.0,5.0,5415.0,1226.0
hd-05-d5-prog.sl,0.0,0.0,6.0837636603915595,4.697286628407892,7.0,6.0,2861.0,404.0
hd-04-d5-prog.sl,0.0,0.0,0.40175348859047516,7.683308456197847,3.0,5.0,506.0,1700.0
hd-06-d5-prog.sl,0.0,0.0,1.450947419804288,9.110646471398649,5.0,5.0,807.0,2333.0
hd-02-d5-prog.sl,0.0,0.0,15.96809909461299,5.689125840191264,6.0,5.0,6877.0,680.0
testcase-name,enum-status,norm-status,enum-time,norm-time,enum-calls,norm-calls,enum-examined,norm-examined
testcase-name,enum-status,norm-status,enum-time,norm-time,enum-calls,norm-calls,enum-examined,norm-examined
testcase-name,enum-status,norm-status,enum-time,norm-time,enum-calls,norm-calls,enum-examined,norm-examined
testcase-name,enum-status,norm-status,enum-time,norm-time,enum-calls,norm-calls,enum-examined,norm-examined
hd-01-d1-prog.sl,0.0,0.0,0.22788977840100416,0.24430556879960932,4.0,4.0,150.0,77.0
hd-03-d1-prog.sl,0.0,0.0,0.16223881920450367,0.4384549388021696,5.0,4.0,64.0,229.0
hd-05-d1-prog.sl,0.0,0.0,0.6554527601867448,0.1792233841959387,5.0,4.0,409.0,35.0
hd-02-d1-prog.sl,0.0,0.0,0.3695767275989056,0.23423033839208074,5.0,4.0,181.0,70.0
hd-06-d1-prog.sl,0.0,0.0,0.42674588118679824,0.33740946019534024,5.0,5.0,225.0,103.0
hd-04-d1-prog.sl,0.0,0.0,0.7252227512013633,0.2796704184031114,4.0,5.0,593.0,75.0
hd-03-d4-prog.sl,0.0,0.0,0.8943608098023106,2.939761628198903,5.0,5.0,521.0,803.0
hd-04-d4-prog.sl,0.0,0.0,0.1730608390062116,1.7037732786033302,3.0,5.0,193.0,216.0
hd-01-d4-prog.sl,0.0,0.0,6.293820594600402,4.84212429880281,6.0,6.0,3079.0,1495.0
hd-05-d4-prog.sl,0.0,0.0,6.980743546393933,4.452570143196499,6.0,7.0,3255.0,1238.0
hd-06-d4-prog.sl,0.0,0.0,4.334591180202551,1.9725250607938505,5.0,5.0,2294.0,311.0
hd-07-d1-prog.sl,0.0,0.0,19.049039552593605,0.9764172161987517,6.0,6.0,7559.0,335.0
hd-08-d1-prog.sl,0.0,0.0,0.97128802719526,0.258633066812763,4.0,5.0,731.0,53.0
hd-02-d4-prog.sl,0.0,0.0,10.91627035519923,1.4745022386021447,7.0,4.0,4155.0,100.0
hd-03-d5-prog.sl,0.0,0.0,0.7655403996002861,4.737857478187652,5.0,4.0,437.0,686.0
hd-04-d5-prog.sl,0.0,0.0,0.208277747198008,4.528582816995913,3.0,4.0,239.0,500.0
hd-01-d5-prog.sl,0.0,0.0,9.159757877798985,10.435740810603601,6.0,5.0,4285.0,3270.0
hd-02-d5-prog.sl,0.0,0.0,8.166952566988765,4.1696838249976285,6.0,4.0,3579.0,249.0
hd-05-d5-prog.sl,0.0,0.0,11.883111470396397,16.26419181440142,6.0,7.0,5314.0,4293.0
hd-06-d5-prog.sl,0.0,0.0,13.336161145399092,13.349897918407805,6.0,5.0,5892.0,4506.0
testcase-name,enum-status,norm-status,enum-time,norm-time,enum-calls,norm-calls,enum-examined,norm-examined
hd-03-d1-prog.sl,0.0,0.0,0.20768046279554256,0.2933911709988024,5.0,4.0,92.0,139.0
testcase-name,enum-status,norm-status,enum-time,norm-time,enum-calls,norm-calls,enum-examined,norm-examined
hd-03-d1-prog.sl,0.0,0.0,0.27074644980602897,0.3244256025995128,5.0,4.0,132.0,157.0
hd-05-d1-prog.sl,0.0,0.0,1.576265264605172,0.27040200380142776,5.0,5.0,896.0,79.0
hd-04-d1-prog.sl,0.0,0.0,1.4325704397982917,0.4398939712031279,5.0,5.0,929.0,170.0
hd-01-d1-prog.sl,0.0,0.0,1.649741690402152,1.0471436903986615,5.0,4.0,911.0,617.0
hd-06-d1-prog.sl,0.0,0.0,1.3178872094082181,0.20731770180282183,5.0,5.0,691.0,38.0
hd-02-d1-prog.sl,0.0,0.0,1.366218436206691,0.24158758740522898,5.0,4.0,700.0,74.0
hd-03-d4-prog.sl,0.0,0.0,0.5220482607895974,1.64948845259496,5.0,4.0,294.0,220.0
hd-04-d4-prog.sl,0.0,0.0,0.31887747619766743,2.5537523486069404,3.0,5.0,383.0,582.0
hd-05-d4-prog.sl,0.0,0.0,6.298706716002198,2.4512851173931267,6.0,7.0,2895.0,469.0
hd-01-d4-prog.sl,0.0,0.0,2.8086445237975566,10.380351199797587,5.0,6.0,1639.0,4495.0
hd-07-d1-prog.sl,0.0,0.0,18.613250306999543,0.22686868719756603,6.0,5.0,7508.0,42.0
hd-08-d1-prog.sl,0.0,0.0,0.6045909072039649,0.3706484981928952,4.0,5.0,454.0,110.0
hd-06-d4-prog.sl,0.0,0.0,4.650126995804021,2.3125198944064325,5.0,5.0,2486.0,507.0
hd-02-d4-prog.sl,0.0,0.0,2.4657292604097165,3.8147211372095624,5.0,6.0,1337.0,1008.0
hd-03-d5-prog.sl,0.0,0.0,0.7168423719936982,8.526068158005364,5.0,5.0,417.0,2450.0
hd-04-d5-prog.sl,0.0,0.0,0.5021020823973231,4.393065767403459,3.0,5.0,513.0,408.0
hd-05-d5-prog.sl,0.0,0.0,14.402664674597327,6.423216189205414,6.0,6.0,6018.0,1110.0
hd-01-d5-prog.sl,0.0,0.0,9.812413580191787,13.257109379209577,6.0,6.0,4651.0,4558.0
hd-06-d5-prog.sl,0.0,0.0,8.175362485006918,9.318257311795605,5.0,5.0,4066.0,2765.0
hd-02-d5-prog.sl,0.0,0.0,20.58071183739812,26.33120484619867,7.0,5.0,8223.0,11321.0
hd-07-d4-prog.sl,0.0,0.0,97.32893310679938,12.052011586196022,7.0,6.0,32149.0,4613.0
hd-08-d4-prog.sl,0.0,0.0,4.696827831800329,7.051577018387616,5.0,6.0,2855.0,2548.0
hd-07-d5-prog.sl,0.0,0.0,212.90790344820124,13.64296736480901,7.0,6.0,70584.0,3879.0
hd-08-d5-prog.sl,0.0,0.0,9.726244239404332,9.296830483997473,5.0,6.0,5164.0,2633.0
testcase-name,enum-status,norm-status,enum-time,norm-time,enum-calls,norm-calls,enum-examined,norm-examined
hd-03-d1-prog.sl,0.0,0.0,0.21873287979979067,0.1358198094065301,5.0,5.0,97.0,42.0
hd-01-d1-prog.sl,0.0,0.0,1.4540893946017603,0.8280633631977252,5.0,5.0,807.0,373.0
hd-04-d1-prog.sl,0.0,0.0,1.2919889022014104,1.3475324007915332,4.0,5.0,970.0,684.0
hd-05-d1-prog.sl,0.0,0.0,1.8970127325912471,1.865312322397949,5.0,5.0,1012.0,808.0
hd-02-d1-prog.sl,0.0,0.0,1.1007248948095367,0.9010723620012868,5.0,5.0,519.0,375.0
hd-03-d4-prog.sl,0.0,0.0,0.814169427799061,0.5613103784038685,5.0,5.0,454.0,253.0
hd-01-d4-prog.sl,0.0,0.0,1.7272884675941895,0.9539148177951574,5.0,5.0,1091.0,517.0
hd-04-d4-prog.sl,0.0,0.0,0.2482210822054185,0.2372842776007019,3.0,3.0,281.0,179.0
hd-06-d1-prog.sl,0.0,0.0,1.7433305218000896,1.7868692463962361,5.0,5.0,862.0,783.0
hd-05-d4-prog.sl,0.0,0.0,1.9395062644034624,1.1733127110055648,6.0,6.0,951.0,487.0
hd-07-d1-prog.sl,0.0,0.0,9.804952644993318,1.5340585413970984,6.0,6.0,3865.0,643.0
hd-08-d1-prog.sl,0.0,0.0,0.44130063920165413,0.2847477841947693,4.0,4.0,324.0,156.0
testcase-name,enum-status,norm-status,enum-time,norm-time,enum-calls,norm-calls,enum-examined,norm-examined
hd-03-d1-prog.sl,0.0,0.0,0.22801219840766862,0.12425263000186533,5.0,5.0,104.0,35.0
testcase-name,enum-status,norm-status,enum-time,norm-time,enum-calls,norm-calls,enum-examined,norm-examined
hd-03-d1-prog.sl,0.0,0.0,0.22587061660597102,0.11740700620575809,5.0,5.0,104.0,33.0
testcase-name,enum-status,norm-status,enum-time,norm-time,enum-calls,norm-calls,enum-examined,norm-examined
hd-03-d1-prog.sl,0.0,0.0,0.20346020439756102,0.11738857498858124,5.0,5.0,92.0,38.0
hd-01-d1-prog.sl,0.0,0.0,1.022199006594019,0.3556816757947672,5.0,5.0,602.0,178.0
hd-04-d1-prog.sl,0.0,0.0,0.7162846466060728,0.46029257600312123,4.0,4.0,599.0,306.0
hd-05-d1-prog.sl,0.0,0.0,1.5400409605994354,1.0095983872073702,5.0,5.0,882.0,490.0
hd-02-d1-prog.sl,0.0,0.0,0.7312271667935419,0.46845144320395776,5.0,5.0,379.0,205.0
hd-03-d4-prog.sl,0.0,0.0,0.857215316791553,0.4214841602020897,5.0,5.0,514.0,203.0
hd-04-d4-prog.sl,0.0,0.0,0.26765337120741606,0.16109709640149958,3.0,3.0,323.0,123.0
hd-06-d1-prog.sl,0.0,0.0,1.34710543739493,1.0920108115999028,5.0,5.0,720.0,516.0
hd-07-d1-prog.sl,0.0,0.0,12.032950879598502,1.4950719377957284,6.0,6.0,5084.0,629.0
hd-08-d1-prog.sl,0.0,0.0,0.3956460769928526,0.19967623900156467,4.0,4.0,312.0,117.0
hd-01-d4-prog.sl,0.0,0.0,5.910050264804158,7.198735865211347,6.0,5.0,3156.0,3682.0
hd-05-d4-prog.sl,0.0,0.0,5.364739889203338,6.818182832404273,6.0,6.0,2598.0,2811.0
hd-06-d4-prog.sl,0.0,0.0,5.5731870404037185,6.222640693210996,6.0,6.0,2831.0,2937.0
hd-03-d5-prog.sl,0.0,0.0,1.1342964675975964,0.6154970125993714,5.0,5.0,682.0,305.0
hd-04-d5-prog.sl,0.0,0.0,0.49037205780041404,0.3335404962010216,3.0,3.0,626.0,300.0
hd-02-d4-prog.sl,0.0,0.0,8.796586651395774,15.254740644805134,6.0,6.0,4344.0,6717.0
hd-01-d5-prog.sl,0.0,0.0,10.147186243598117,27.99514422780485,6.0,6.0,5239.0,12532.0
hd-05-d5-prog.sl,0.0,0.0,10.097004003194161,19.133547443401767,6.0,6.0,4709.0,7741.0
hd-06-d5-prog.sl,0.0,0.0,10.832366920198547,22.01741584559786,6.0,6.0,4805.0,8088.0
hd-02-d5-prog.sl,0.0,0.0,16.313221061992227,53.660372872196604,6.0,6.0,7637.0,20163.0
hd-09-d5-prog.sl,0.0,0.0,86.80367923720624,1.4633570525969843,7.0,6.0,30150.0,642.0
hd-07-d4-prog.sl,0.0,0.0,186.9815484758059,19.01051370620844,7.0,7.0,59849.0,6568.0
hd-08-d4-prog.sl,0.0,0.0,4.741661878401646,6.333185100601986,5.0,5.0,2974.0,3585.0
hd-07-d5-prog.sl,0.0,0.0,361.22755106880214,57.622540161997314,7.0,7.0,118296.0,19722.0
hd-08-d5-prog.sl,0.0,0.0,6.528484886593651,25.481828943593428,5.0,5.0,3717.0,12443.0
hd-13-d5-prog.sl,0.0,0.0,81.99129099699785,259.6171661223983,7.0,9.0,30123.0,70355.0
testcase-name,enum-status,norm-status,enum-time,norm-time,enum-calls,norm-calls,enum-examined,norm-examined
testcase-name,enum-status,norm-status,enum-time,norm-time,enum-calls,norm-calls,enum-examined,norm-examined
hd-03-d1-prog.sl,0.0,0.0,0.22260570940561591,0.12647062560427003,5.0,5.0,104.0,39.0
testcase-name,enum-status,norm-status,enum-time,norm-time,enum-calls,norm-calls,enum-examined,norm-examined,enum-mem,norm-mem
hd-03-d1-prog.sl,0.0,0.0,0.19494560599559918,0.12087768499623053,5.0,5.0,84.0,36.0,,4390.0
hd-01-d1-prog.sl,0.0,0.0,0.8563232906046323,0.5493417531892192,5.0,5.0,493.0,245.0,,27736.0
hd-05-d1-prog.sl,0.0,0.0,1.23621424419689,0.8193491062091198,5.0,5.0,719.0,379.0,,38756.0
hd-04-d1-prog.sl,0.0,0.0,1.3739440758014099,0.9624359475972597,4.0,4.0,1032.0,534.0,,74676.0
hd-02-d1-prog.sl,0.0,0.0,0.6677800653968007,0.5845064997964073,5.0,5.0,340.0,251.0,,28176.0
hd-06-d1-prog.sl,0.0,0.0,1.0246411085943692,0.8831433524028398,5.0,5.0,544.0,385.0,,39188.0
hd-03-d4-prog.sl,0.0,0.0,0.8637157651945018,0.45607417140272444,5.0,5.0,507.0,206.0,,25390.0
hd-04-d4-prog.sl,0.0,0.0,0.4436650149989873,0.27358242820482703,3.0,3.0,545.0,213.0,,25894.0
testcase-name,enum-status,norm-status,enum-time,norm-time,enum-calls,norm-calls,enum-examined,norm-examined,enum-mem,norm-mem
hd-03-d1-prog.sl,0.0,0.0,0.16093592960387468,0.09113324519712478,5.0,5.0,64.0,22.0,2246.0,2948.0
hd-01-d1-prog.sl,0.0,0.0,0.8983056066092103,0.3472251079976559,5.0,5.0,521.0,153.0,9206.0,21208.0
hd-04-d1-prog.sl,0.0,0.0,1.1965433316014242,0.5126538075972349,5.0,4.0,824.0,300.0,11622.0,32868.0
hd-02-d1-prog.sl,0.0,0.0,0.6507130402023904,0.4434711385983974,5.0,5.0,333.0,187.0,8342.0,23688.0
hd-05-d1-prog.sl,0.0,0.0,1.9223654037981759,1.2043209902069065,5.0,5.0,1094.0,545.0,18926.0,75388.0
hd-03-d4-prog.sl,0.0,0.0,0.7656582947995048,0.40300206539104694,5.0,5.0,465.0,187.0,7702.0,24022.0
hd-04-d4-prog.sl,0.0,0.0,0.32563837679917923,0.229499800800113,3.0,3.0,413.0,181.0,2846.0,23598.0
hd-06-d1-prog.sl,0.0,0.0,1.5865937758004294,1.304762875608867,5.0,5.0,850.0,573.0,19422.0,77428.0
hd-01-d4-prog.sl,0.0,0.0,3.678311343397945,3.278692752000643,6.0,5.0,2034.0,1269.0,25350.0,133716.0
hd-05-d4-prog.sl,0.0,0.0,3.617746111395536,3.3899895172042305,6.0,6.0,1877.0,1253.0,16870.0,132692.0
hd-07-d1-prog.sl,0.0,0.0,12.862440308195072,1.4644008081930224,6.0,6.0,5234.0,621.0,107358.0,79844.0
hd-08-d1-prog.sl,0.0,0.0,0.7994689776096493,0.9532607099972665,4.0,4.0,590.0,539.0,12942.0,74148.0
hd-06-d4-prog.sl,0.0,0.0,2.7096577023970894,12.508337762189331,5.0,5.0,1575.0,3708.0,28150.0,407996.0
hd-03-d5-prog.sl,0.0,0.0,0.9736509187961928,0.592709501797799,5.0,5.0,591.0,268.0,8310.0,29630.0
hd-04-d5-prog.sl,0.0,0.0,0.42445360620040445,0.3172082133998629,3.0,3.0,543.0,262.0,4238.0,29206.0
hd-01-d5-prog.sl,0.0,0.0,5.429432493203786,17.817946756602034,6.0,6.0,2826.0,4472.0,27190.0,461796.0
hd-02-d4-prog.sl,0.0,0.0,10.04559499520692,27.43954137880355,7.0,7.0,3945.0,5617.0,73086.0,544748.0
hd-05-d5-prog.sl,0.0,0.0,8.216886548598996,15.630223964207108,6.0,6.0,4028.0,4359.0,38358.0,454564.0
hd-06-d5-prog.sl,0.0,0.0,4.635281080799177,52.499608892994004,5.0,5.0,2534.0,9775.0,39126.0,1237484.0
hd-02-d5-prog.sl,0.0,0.0,18.26212957659154,127.57214867119328,7.0,6.0,6889.0,15832.0,108326.0,1672796.0
hd-07-d4-prog.sl,0.0,0.0,196.4541208746028,24.176163883996196,7.0,6.0,56257.0,5621.0,1206302.0,545036.0
hd-08-d4-prog.sl,0.0,0.0,4.0029320130008275,3.4284124178055206,6.0,6.0,2099.0,1165.0,14838.0,127060.0
testcase-name,enum-status,norm-status,enum-time,norm-time,enum-calls,norm-calls,enum-examined,norm-examined,enum-mem,norm-mem
hd-03-d1-prog.sl,0.0,0.0,0.25885897179832684,0.1418367416015826,5.0,5.0,124.0,44.0,2758.0,6502.0
testcase-name,enum-status,norm-status,enum-time,norm-time,enum-calls,norm-calls,enum-examined,norm-examined,enum-mem,norm-mem
